,total,data,pde,border
0,0.2647077149152755,0.5203157663345337,0.009099662322551,1.37446540415287
1,0.1837152300775051,0.3608302128314972,0.0066002473887056,0.4708962416648865
2,0.1820466957986354,0.3580448174476623,0.0060485739726573,0.3300551605224609
3,0.1813830125331878,0.3569484519958496,0.0058175734477117,0.264918897897005
4,0.1810057571530342,0.3562785145640373,0.0057329985965043,0.2282630561292171
5,0.1807678620517253,0.3558408930897713,0.0056948313908651,0.205445317029953
6,0.1805823357403278,0.3554889956116676,0.0056756771309301,0.1897814784944057
7,0.1804244305193424,0.3551812300086021,0.0056676305504515,0.1780052965134382
8,0.180311377197504,0.3549485808610916,0.0056741734268143,0.168770724684
9,0.1801729147136211,0.3546667885780334,0.0056790401879698,0.1610514459013939
10,0.180066300779581,0.3544439432024955,0.0056886575417593,0.1548353316634893
11,0.1799459061026573,0.3541954064369201,0.0056964043853804,0.1491131974011659
12,0.1798229829967021,0.3539392215013504,0.0057067454047501,0.1434378183633089
13,0.179709887355566,0.3536949759721756,0.0057247971789911,0.1381681127101183
14,0.1795640778541564,0.353383640050888,0.0057445153966546,0.1334151404350996
15,0.1794317162036895,0.3530840864777565,0.0057793458085507,0.1296005314588546
16,0.1793130894005298,0.3528013506531715,0.0058248273469507,0.1264410442858934
17,0.179109269529581,0.3523489439487457,0.0058695953479036,0.1234869613498449
18,0.1789424297213554,0.3519662281870842,0.0059186323080211,0.1203765218704938
19,0.1787576694786548,0.3515587320923805,0.00595660679508,0.1173645913600921
20,0.1785884754359722,0.3511914727091789,0.00598547806032,0.1147866079211235
21,0.1785194784402847,0.35102190554142,0.0060170529875904,0.1123514994978904
22,0.1782007130980491,0.350381860435009,0.0060195670695975,0.1094430628418922
23,0.1781190629303455,0.3501974231004714,0.0060407025832682,0.1074866677820682
24,0.1780043120682239,0.3499461969733238,0.006062428811565,0.106498906314373
25,0.1778616575896739,0.3496350386738777,0.0060882778605446,0.1048748674616217
26,0.1777335129678249,0.3493550232052803,0.0061120036663487,0.1031867235898971
27,0.177672950476408,0.3492013871669769,0.0061445143911987,0.1023075211048126
28,0.1774333761632442,0.3486873799562454,0.0061793726729229,0.1004393975064158
29,0.1773294070363044,0.3484374123811722,0.0062214018823578,0.0997780313342809
30,0.177238004207611,0.3482038536667823,0.0062721536448225,0.0991381793841719
31,0.1770807111263275,0.3478453528881073,0.0063160694111138,0.0980801491811871
32,0.1769261427223682,0.3474916598200798,0.0063606265978887,0.0976808368787169
33,0.1769823798537254,0.3475423550605774,0.0064224050100892,0.1018962510302662
34,0.17653264477849,0.3466021186113358,0.0064631693065166,0.096311985887587
35,0.1763769425451755,0.3462317594885826,0.0065221267100423,0.095723439976573
36,0.1762048962712288,0.3458329746127128,0.0065768187120556,0.0974790208414197
37,0.1758068796992302,0.3449640750885009,0.0066496841283515,0.0985430765524506
38,0.1754228003323078,0.3440964660048485,0.0067491334164515,0.1024265031516551
39,0.1747194445133209,0.342529935836792,0.0069089525751769,0.1045068130642175
40,0.1738239794969558,0.3404641827940941,0.0071837764931842,0.1115519148111343
41,0.1727170911431312,0.3378645047545433,0.0075696791149675,0.1126104445010423
42,0.1713456784188747,0.3345970892906189,0.0080942664574831,0.1170878349617123
43,0.1698702970147133,0.3309221383929253,0.0088184554129838,0.1317871297523379
44,0.167873238325119,0.326270996928215,0.0094754789490252,0.1261572750657796
45,0.1656850023567676,0.3210293537378311,0.0103406508266925,0.1295870412886142
46,0.1625402109324932,0.3134125578403473,0.0116678641363978,0.135014616549015
47,0.1598852168023586,0.3069460517168045,0.0128243819903582,0.138733235374093
48,0.1575965982675552,0.3015407088398933,0.0136524880584329,0.1371746929734945
49,0.1557818737626075,0.2972922664880753,0.0142714825738221,0.1417858197540044
50,0.1536826059222221,0.2925580531358719,0.0148071586620062,0.1431548138707876
51,0.1518341244757175,0.2884151476621628,0.0152531022205948,0.1514913513511419
52,0.1497281265258789,0.2838345062732696,0.0156217470485717,0.1514208851009607
53,0.1477801431715488,0.2795701506733894,0.0159901358094066,0.1520610639452934
54,0.1459914791584015,0.2756542685627937,0.0163286909181624,0.1568016138672828
55,0.1442854645848274,0.2719271805882454,0.0166437478456646,0.1591671631485224
56,0.1426221665740013,0.2682803788781166,0.0169639529660344,0.1625523439794778
57,0.1409645625948906,0.2647093743085861,0.0172197501640766,0.1669862261414527
58,0.1392293266952037,0.2610709059238434,0.0173877464327961,0.168711604848504
59,0.1379066678881645,0.2583722370862961,0.0174410984292626,0.1674147373437881
60,0.1365903225541115,0.2556663081049919,0.0175143362767994,0.1658357649296522
61,0.1353805164992809,0.2531503784656524,0.0176106549613177,0.1643949388712644
62,0.1341953198611736,0.2506502529978752,0.0177403871528804,0.1642248208075761
63,0.1331086486577987,0.2483334217965603,0.0178838760778307,0.1649807191640138
64,0.1320076905190944,0.2459499832987785,0.0180653967149555,0.1669975723326206
65,0.1309500665962696,0.2436138908565044,0.0182862437702715,0.1700501852482557
66,0.1297883465886116,0.2410113680362701,0.0185653247870504,0.1706120727956295
67,0.1283868044614791,0.2378259353339672,0.0189476731605827,0.1742511368542909
68,0.1270284332334995,0.2347337581217289,0.0193231077119708,0.1788403756171465
69,0.1255285241454839,0.2313684210181236,0.0196886264905333,0.1798689877986908
70,0.1238067909330129,0.2274670600891113,0.0201465221121907,0.1831036342680454
71,0.1217548786848783,0.222917395979166,0.0205923617444932,0.1863523435592651
72,0.120035807415843,0.2191753862798214,0.0208962276950478,0.1911246566474437
73,0.118544813171029,0.2159459763765335,0.0211436501331627,0.1953446200489997
74,0.1170320129394531,0.2127328515052795,0.0213311748206615,0.1983842429518699
75,0.1158621044456958,0.210256599932909,0.0214676077850162,0.201821305155754
76,0.1140371782332658,0.2064150422811508,0.0216593144647777,0.2042163126170635
77,0.1129018829762935,0.204057970046997,0.0217457953840494,0.2074688568711281
78,0.1113571934401989,0.2007913811504841,0.0219230061769485,0.2108200566470623
79,0.1101028008013963,0.1981606830656528,0.0220449195988476,0.215432763248682
80,0.1085208245366811,0.1947721144556999,0.0222695350460708,0.2184955170750618
81,0.1071833126991987,0.191896047592163,0.0224705768749117,0.2232628498971462
82,0.1052059979736804,0.1875754716992378,0.0228365238383412,0.2298663771152496
83,0.1037100017815828,0.184238109588623,0.0231818938814103,0.2371722291409969
84,0.1015378233790397,0.179486868083477,0.0235887782648205,0.2442059797048568
85,0.0995962174981832,0.1751575320959091,0.0240349029935896,0.2527937749028205
86,0.0973017029464244,0.1699790652096271,0.0246243407949805,0.2582849055528641
87,0.0944201228767633,0.163551893979311,0.0252883512154221,0.2628126820921898
88,0.0920055220276117,0.1580273510515689,0.0259836927987635,0.2658204574882984
89,0.0893935224413871,0.1521071177721023,0.0266799278743565,0.2673880887031555
90,0.0865264318883419,0.1457623453438282,0.0272905187122523,0.2684276595711708
91,0.0844641414284706,0.1411492979526519,0.0277789844758808,0.2717789687216282
92,0.0819660396128892,0.1356325097382068,0.0282995698601007,0.2736411590874195
93,0.0793078903853893,0.1296079340577125,0.0290078466944396,0.2792456971108913
94,0.0761113016307354,0.1223248312622308,0.0298977722600102,0.2843711759150028
95,0.0720909120887517,0.1130247341096401,0.0311570904962718,0.2906233698129654
96,0.0669191745668649,0.1011099576205015,0.0327283916063606,0.3018416662514209
97,0.061304870955646,0.0878087048977613,0.0348010374605655,0.3134220200777053
98,0.056667368710041,0.0775355979055166,0.0357991394773125,0.3161914592981338
99,0.0534893340244889,0.0707112268358469,0.0362674411386251,0.3151911142468452
100,0.0509003451839089,0.0654837299510836,0.0363169603422284,0.313235872387886
101,0.0486832173541188,0.0609992368519306,0.0363671972230076,0.3093989294767379
102,0.0472324780747294,0.0581379232183098,0.0363270334899425,0.3055843102931976
103,0.045421552658081,0.0546954686939716,0.0361476365849375,0.3024652221798897
104,0.0439046761393547,0.0517300102859735,0.0360793420672416,0.2989368858933449
105,0.0432288373634219,0.0505335876345634,0.0359240873157978,0.2974466216564178
106,0.0415923376753926,0.047370974086225,0.0358137011155486,0.2936765190958976
107,0.0403958673775196,0.0450623866915702,0.0357293482497334,0.290655610114336
108,0.0397470714524388,0.0439024119079113,0.035591731108725,0.2896884071826935
109,0.0388412341475486,0.0422026920318603,0.0354797765985131,0.2867780569195747
110,0.0373816197365522,0.0393813450634479,0.0353818941488862,0.2843934045732021
111,0.0371621214225888,0.0391321774944663,0.035192065089941,0.2822358793020248
112,0.0364415394887328,0.0378390789404511,0.0350440001487731,0.279078086912632
113,0.0357720667868852,0.0366646429523825,0.0348794908821582,0.2766474854946136
114,0.035339816249907,0.0359592498093843,0.034720382541418,0.2748430043458938
115,0.0349855215474963,0.0354150379449129,0.03455600541085,0.2724231135845184
116,0.0342990317195653,0.0341741567105054,0.034423906840384,0.2696420428156852
117,0.0341997954621911,0.0341603321954607,0.0342392588034272,0.2675765170156955
118,0.0336999646574258,0.0332788594253361,0.0341210699826479,0.2650635957717895
119,0.0334435045719146,0.032925108782947,0.0339619005098938,0.2630717867612839
120,0.0330812424048781,0.032330301720649,0.0338321830704808,0.2606546729803085
121,0.0328320743143558,0.0319582995586097,0.0337058490887284,0.25862095952034
122,0.0323878998123109,0.0311890814639627,0.0335867182910442,0.2561466899514198
123,0.0322437882982194,0.0310239632986485,0.0334636136144399,0.2552279868721962
124,0.0319743270054459,0.0306109526008367,0.0333377011865377,0.2522662830352783
125,0.0318000964075326,0.0303733548521995,0.0332268379628658,0.2513042946159839
126,0.0314503275416791,0.0297834910079836,0.033117164298892,0.2493404994904995
127,0.0312782353907823,0.0295462527684867,0.0330102178826928,0.2474179391562938
128,0.0310670146159827,0.0292181776836514,0.0329158512875437,0.2456050767004489
129,0.0308289302513003,0.0288379414565861,0.032819919027388,0.2437992085516452
130,0.0307524810917675,0.0287882995232939,0.0327166625857353,0.242172189950943
131,0.0304834712110459,0.0283538270741701,0.032613115273416,0.2412061627209186
132,0.0302795368991792,0.0280205633305013,0.0325385103747248,0.2394047105312347
133,0.0300727120786905,0.0276858922280371,0.0324595317244529,0.2373704515397548
134,0.0300037823989987,0.027649364452809,0.0323582002520561,0.2364144645631313
135,0.0297707889042794,0.0272549573890864,0.0322866205498576,0.2349996019899845
136,0.0296583340503275,0.027108346465975,0.0322083219513297,0.2339332854747772
137,0.0294738774187862,0.0268219973333179,0.032125757522881,0.2329803873598575
138,0.0294847066327929,0.0269318994320929,0.0320375135354697,0.2310809072852134
139,0.0291779363527894,0.026384091656655,0.031971781104803,0.230638989508152
140,0.0290713119134306,0.0262383999489247,0.0319042238779366,0.2292001317441463
141,0.0289507068321108,0.0260631432756781,0.0318382704257965,0.2282471373677253
142,0.0288363832049071,0.025901726167649,0.0317710404098033,0.227229433208704
143,0.02875910570845,0.0258176284655928,0.0317005827650427,0.2262106028199196
144,0.028572927583009,0.025509029533714,0.0316368257440626,0.2252782826125622
145,0.028508273307234,0.0254320642165839,0.031584482435137,0.2240807113051414
146,0.0283552214503288,0.025198266878724,0.0315121759846806,0.2231623156368732
147,0.0282833903469145,0.0250941975973546,0.0314725831337273,0.2221357667446136
148,0.0281202812865376,0.0248456021025776,0.0313949603401124,0.2206928186118602
149,0.0281369270943105,0.0249137250147759,0.0313601290620863,0.2196359607577324
150,0.0279388624243438,0.0246007517166435,0.0312769732810556,0.219379463493824
151,0.0278374791890382,0.0244357705675065,0.0312391879223287,0.2184567363560199
152,0.027815163899213,0.0244289446249604,0.0312013833597302,0.2164079663157463
153,0.0277024029567837,0.0242846986837685,0.0311201072856783,0.2165776938199997
154,0.027631575204432,0.0241746813431382,0.0310884688608348,0.215853451937437
155,0.0275327374972403,0.0240326306037604,0.0310328445397317,0.215109681636095
156,0.0275033983215689,0.0240047891810536,0.0310020076483488,0.2143838892877101
157,0.027200878933072,0.0234588378295302,0.0309429198130965,0.2134412686526775
158,0.0272984805144369,0.023687355928123,0.0309096050821244,0.2129375386238098
159,0.0271647336706519,0.023480580560863,0.0308488867990672,0.2117333877086639
160,0.0271159034967422,0.0234135252609848,0.0308182816393673,0.2107731840014457
161,0.027137347087264,0.0235132875293493,0.0307614065706729,0.2099433077871799
162,0.0269528935104608,0.0231835015118122,0.0307222857698798,0.2093322025239467
163,0.0269382968917489,0.023159943986684,0.030716649685055,0.2083585773408413
164,0.0268283041939139,0.0230299129337072,0.0306266953237354,0.2075354467332363
165,0.0267584419995546,0.0229178949259221,0.0305989892035722,0.2071356593072414
166,0.0266691308841109,0.0227743955515325,0.0305638661608099,0.205876180678606
167,0.026643685195595,0.0227615241892635,0.0305258464440703,0.2054796689748764
168,0.0265934271179139,0.0226941480115056,0.0304927064850926,0.2044954457879066
169,0.026480411645025,0.0225105470977723,0.0304502759128808,0.2040260070562362
170,0.0264480348303914,0.0224804349988698,0.0304156345129013,0.203681771159172
171,0.0263932441174983,0.0223965766094625,0.0303899115882813,0.2029911036789417
172,0.0262866858206689,0.0222329946421086,0.0303403770551085,0.2017926482856273
173,0.0263724117353558,0.0224399897269904,0.0303048337996006,0.2013758155703544
174,0.0261605817452073,0.0220431370660662,0.0302780262939631,0.2004799143970012
175,0.026131981909275,0.0220141192711889,0.0302498448081314,0.1998416617512703
176,0.0260605368763208,0.0219165170192718,0.0302045567147433,0.1992567497491836
177,0.0260304740443825,0.0218873005546629,0.0301736475713551,0.1981835851073265
178,0.0260000037029385,0.0218541396409273,0.0301458678208291,0.197985139042139
179,0.0259311691857874,0.021752347908914,0.0301099906116724,0.1974022777378559
180,0.0259604513458907,0.0218212334625422,0.0300996691174805,0.1966658428311348
181,0.0257079399935901,0.0213745672255754,0.0300413130782544,0.1958268561959266
182,0.0259205422736704,0.0218308957107365,0.0300101887248456,0.195693981051445
183,0.0256556285545229,0.0213171968236565,0.0299940603226423,0.1943902298808097
184,0.0256672907620668,0.0213777819834649,0.0299567993916571,0.1939667895436287
185,0.0256135883927345,0.021298753786832,0.0299284231849014,0.1935833632946014
186,0.0255902308411896,0.0212840556912124,0.0298964059539139,0.1929149197041988
187,0.0255105586908757,0.0211507775448262,0.0298703397251665,0.1922924795746803
188,0.0255768531933426,0.0212977132201194,0.0298559932038188,0.19152337372303
189,0.0253040503524243,0.0208021995425224,0.0298059011623263,0.1910630515217781
190,0.0254277287051081,0.0210719887539744,0.0297834685444831,0.1908955559134483
191,0.0253651631623506,0.0209703251160681,0.029760001078248,0.1900257937610149
192,0.0253347535058856,0.0209369105100631,0.0297325967252254,0.1892857368290424
193,0.0252029958367347,0.0207078500650823,0.0296981416456401,0.1884171712398529
194,0.0252536750771105,0.0208177019655704,0.0296896479651331,0.1880222614109516
195,0.0250982041098177,0.0205545642971992,0.0296418440528213,0.1870582108199596
196,0.0251453996077179,0.0206682558357715,0.0296225434914231,0.1869967779517173
197,0.0250991296768188,0.0205950865894556,0.0296031728200614,0.1863979308307171
198,0.0250124143436551,0.0204618999361991,0.0295629286579787,0.1856004816293716
199,0.0250147533975541,0.020480233207345,0.0295492736250162,0.1854260084033012
200,0.025737222898751497,0.02155379278585315,0.029920652974396944,0.18558817349374293
201,0.025613626390695574,0.021354430299252273,0.02987282259389758,0.18367922961711883
202,0.025510967187583448,0.02119781805202365,0.02982411639764905,0.18211402446031572
203,0.025384780038148164,0.02099207941442728,0.02977748082950711,0.18105933025479318
204,0.025330169815570115,0.020920951087027788,0.029739388488233088,0.1801791462302208
205,0.025219583865255118,0.020740115102380514,0.02969905247911811,0.17924337461590767
206,0.02517017800360918,0.020677280873060228,0.029663075115531682,0.17862948015332222
207,0.02508168114349246,0.020534633491188288,0.029628728590905665,0.17803314670920373
208,0.025095107946544886,0.020593419019132853,0.029596796687692405,0.17752212643623352
209,0.024952649790793657,0.020339769758284092,0.029565529655665158,0.17692081287503242
210,0.0250142190977931,0.020494018290191887,0.029534419775009157,0.17657262548804284
211,0.024907244332134724,0.020307597871869802,0.02950689082965255,0.1760151995718479
212,0.024815903902053835,0.020160750672221183,0.02947105711326003,0.17536843210458755
213,0.02480133267119527,0.020163599606603383,0.029439065922051668,0.17493363216519356
214,0.02477878924459219,0.02014298124238849,0.029414597265422344,0.1744539439678192
215,0.024705068804323674,0.020026017017662524,0.029384120777249337,0.17394155964255334
216,0.024710794724524022,0.02006157089024782,0.029360018614679576,0.17346752554178238
217,0.024609090574085713,0.01988781912252307,0.02933036195114255,0.1727975833415985
218,0.024629975948482753,0.019956073984503747,0.02930387794971466,0.17243947520852088
219,0.02453918380662799,0.019801997262984514,0.029276370462030174,0.17183248460292816
220,0.024537830855697395,0.019824378360062837,0.029251283314079047,0.17142716109752654
221,0.024470721166580917,0.01971780614927411,0.029223636183887722,0.17092172771692277
222,0.0244578724168241,0.01971570322290063,0.02920004177838564,0.17047021701931953
223,0.02440138230100274,0.019628601726144553,0.02917416300624609,0.169953370988369
224,0.024379382319748403,0.019607601519674063,0.0291511632502079,0.16950781166553497
225,0.024330970477312804,0.019535969961434602,0.02912597108632326,0.16903389170765876
226,0.02430565845221281,0.0195080397836864,0.02910327719524503,0.16858736753463746
227,0.02426238801330328,0.01944591911509633,0.029078857116401194,0.16813289001584053
228,0.024235223438590765,0.019414278641343118,0.029056168049573897,0.16768568903207778
229,0.02419686295092106,0.019361153803765775,0.0290325721912086,0.16724091827869414
230,0.024167377930134536,0.019324688389897347,0.02901006758213043,0.1667991280555725
231,0.024132651295512914,0.019278097674250604,0.028987204898148777,0.16636541739106178
232,0.024102077931165696,0.019239203948527576,0.02896495206281543,0.16593455359339715
233,0.024069851785898207,0.019197007771581412,0.028942695818841457,0.16551010593771934
234,0.02403909608721733,0.019157417695969344,0.02892077451571822,0.16509048610925675
235,0.024008276890963316,0.01911754025146365,0.028899013604968785,0.16467618435621262
236,0.023978014085441826,0.019078548830002547,0.028877479415386917,0.1642669865489006
237,0.02394800426438451,0.019039864279329778,0.02885614423081279,0.16386269599199296
238,0.023918343037366868,0.019001682829111813,0.02883500324562192,0.16346353322267532
239,0.023888999056071045,0.01896392721682787,0.028814070951193572,0.16306881859898567
240,0.02385998150333762,0.018926626555621624,0.028793336357921362,0.16267847433686256
241,0.023831260036677123,0.018889711908996104,0.02877280818298459,0.16229236692190172
242,0.023802891205996275,0.018853303994983434,0.02875247837975621,0.16191081643104555
243,0.023774911537766456,0.018817478511482476,0.028732344657182694,0.1615344925224781
244,0.023747197240591048,0.018781995736062526,0.02871239872649312,0.16116345629096032
245,0.023719861824065446,0.018747108075767755,0.028692615367472172,0.16079873323440552
246,0.023692853413522244,0.01871271040290594,0.028672996424138546,0.16044031456112862
247,0.023666221499443054,0.018678916990756987,0.0286535257846117,0.16008846312761307
248,0.023639967069029807,0.018645735159516334,0.02863419918343425,0.15974308863282205
249,0.023614094369113447,0.018613189551979305,0.02861499898135662,0.1594039061665535
250,0.023588607832789422,0.01858128184452653,0.028595933746546506,0.15907067626714708
251,0.023563384655863048,0.018549766503274442,0.02857700303196907,0.15874333530664445
252,0.023538481350988148,0.01851874839514494,0.028558214381337165,0.1584221050143242
253,0.02351381888613105,0.018488051537424326,0.02853958621621132,0.15810730338096618
254,0.02348942881450057,0.018457737993448974,0.028521119710057975,0.15779921323060989
255,0.02346518564969301,0.018427563942968846,0.028502807449549437,0.1574977795779705
256,0.023441192489117385,0.018397744819521902,0.028484640177339315,0.15720305547118188
257,0.023417403064668177,0.018368185088038443,0.028466620910912753,0.1569147950410843
258,0.023393708281219006,0.018338677827268838,0.028448738679289817,0.15663303509354592
259,0.023370191305875778,0.018309385906904938,0.028430996630340814,0.15635815620422364
260,0.023346908576786517,0.018280410822480917,0.02841340620070696,0.15609061136841773
261,0.0233236544393003,0.018251348938792943,0.028395959995687007,0.15583045303821563
262,0.023300980608910324,0.018223292641341687,0.028378668427467345,0.15557899624109267
263,0.023278498705476523,0.018195481896400453,0.02836151545867324,0.15533514440059662
264,0.023256946969777346,0.018169404938817024,0.02834448907524347,0.15509776577353476
265,0.02323554489761591,0.01814351124688983,0.028327578529715538,0.15486288487911223
266,0.02321510877460241,0.01811946462839842,0.02831075308844447,0.15462854593992234
267,0.023193817362189294,0.018093607649207116,0.028294026739895343,0.15439141370356083
268,0.02317371441051364,0.01807008881121874,0.02827733999118209,0.15415321968495846
269,0.023152213003486397,0.018043603617697954,0.0282608225941658,0.15390937969088556
270,0.02313208106905222,0.018019879087805748,0.028244283180683852,0.15366584204137326
271,0.023111020140349867,0.01799395052716136,0.028228089772164823,0.15341609612107276
272,0.023090188391506672,0.017968716863542795,0.02821166003122926,0.1531688739359379
273,0.02307122765108943,0.017946534920483828,0.028195920456200837,0.15291330136358738
274,0.023047791365534066,0.017916134856641293,0.028179447781294584,0.15266050823032856
275,0.023032737765461206,0.017901182398200034,0.02816429305821657,0.15239949695765972
276,0.023006440307945013,0.0178652586042881,0.028147622123360635,0.1521502123773098
277,0.022992605976760387,0.017851938884705307,0.02813327306881547,0.15187504053115844
278,0.02296853045001626,0.017821348533034326,0.028115712255239487,0.1516518295556307
279,0.02295043433085084,0.01779734732583165,0.02810352114960551,0.15135532714426517
280,0.022933513838797808,0.01778363972902298,0.028083387836813925,0.15114878557622433
281,0.022915747053921222,0.01775746187195182,0.028074032217264174,0.15089786022901536
282,0.02289447333663702,0.017734162341803313,0.02805478448048234,0.15057483412325381
283,0.022879638187587262,0.01772226445376873,0.02803701186552644,0.15036317355930806
284,0.022853347193449735,0.017679437827318907,0.02802725650370121,0.15014330178499222
285,0.02284320618957281,0.01767836818471551,0.0280080440081656,0.149857284873724
286,0.022817995771765708,0.017641957327723504,0.027994034215807914,0.14962920412421227
287,0.022797653023153543,0.017616955935955046,0.027978350203484298,0.14939262539148332
288,0.02278446828946471,0.017604297287762166,0.02796463940292597,0.1491390246897936
289,0.022767985071986914,0.01758504845201969,0.027950921915471553,0.14886053524911402
290,0.022754300385713577,0.017574657276272772,0.02793394347652793,0.14862664811313153
291,0.022728593423962593,0.01753994408994913,0.027917242757976055,0.14844813413918018
292,0.022723885867744684,0.017539609149098398,0.027908162493258715,0.1481503064930439
293,0.02272235544398427,0.017553226631134747,0.027891484294086694,0.14809776365756988
294,0.02267543487250805,0.017479126770049334,0.027871742993593216,0.1480489595979452
295,0.02267961286008358,0.01749397113919258,0.027865254748612643,0.1476981533318758
296,0.02264988848939538,0.01744996355846524,0.027849813252687455,0.1473486389964819
297,0.02263750046491623,0.017444325815886258,0.027830674983561038,0.14725613601505758
298,0.022622730415314436,0.017422929890453815,0.027822530772536994,0.14697131305932998
299,0.022602799516171217,0.01739845810458064,0.02780714098364115,0.14664077810943127
300,0.022600551769137382,0.017414079941809178,0.027787023596465586,0.14658247493207455
301,0.022560490425676108,0.017341102994978427,0.027779878042638304,0.14636632978916167
302,0.022561832778155804,0.017360602039843798,0.027763063553720713,0.14607895188033582
303,0.022577217165380716,0.017404858339577913,0.027749575637280942,0.14600009731948377
304,0.022488752882927655,0.017239635810256004,0.027737869936972855,0.14562021285295487
305,0.02258060023188591,0.017437386233359574,0.027723814193159342,0.1456140711903572
306,0.02244928268715739,0.01718885537236929,0.027709710225462914,0.14504363045096397
307,0.02249801065772772,0.017304989844560623,0.027691031508147716,0.14488390795886516
308,0.022424327675253153,0.017165168561041354,0.027683486752212046,0.14472529754042626
309,0.022472612019628288,0.017281058058142663,0.027664165869355203,0.14451146274805068
310,0.022400252129882572,0.017142696809023618,0.027657807283103467,0.1443747306615114
311,0.02244854759424925,0.017257314268499614,0.027639780938625336,0.1441962257027626
312,0.02236882846802473,0.017107347883284094,0.027630309183150528,0.14400950767099857
313,0.02243092505261302,0.01724786402657628,0.027613986190408467,0.14381841719150543
314,0.022337178289890288,0.017070371191948652,0.02760398540645838,0.1436307343095541
315,0.022403200846165417,0.017219904754310848,0.02758649695664644,0.14342491574585436
316,0.022307173814624548,0.017036344464868305,0.027578002996742724,0.14319919675588608
317,0.022374350894242525,0.01718817522749305,0.027560526560992,0.14299610421061515
318,0.022277014125138522,0.017001877035945655,0.02755215110257268,0.14281101919710637
319,0.02233790371567011,0.017142066471278666,0.02753374082967639,0.1425764238834381
320,0.02225106632336974,0.01697560828179121,0.027526524141430853,0.1424070470780134
321,0.022314597107470035,0.017120432388037444,0.02750876175239682,0.14218453094363212
322,0.022223222944885494,0.016945229824632407,0.027501216065138577,0.142041926831007
323,0.022280860152095558,0.017078868485987185,0.027482851911336183,0.14180399164557456
324,0.022198284640908242,0.016920715384185315,0.027475853841751816,0.1416592787206173
325,0.022253341488540173,0.01704871891066432,0.027457963824272156,0.14143205918371676
326,0.022172998078167437,0.01689517989754677,0.027450816221535206,0.14130342811346053
327,0.022222148030996324,0.01701144941151142,0.027432846762239935,0.14107691183686255
328,0.022149516139179468,0.01687323896214366,0.027425793297588826,0.1409406217932701
329,0.022189605943858624,0.016971059013158082,0.02740815285593271,0.1407297682017088
330,0.022128045577555894,0.01685537213459611,0.027400718946009876,0.14058447778224945
331,0.02215362749993801,0.016923339311033486,0.02738391574472189,0.14039007917046548
332,0.02211157189682126,0.016847977228462697,0.02737516624853015,0.14021997824311255
333,0.022111521232873202,0.01686205917969346,0.027360983192920685,0.1400143676251173
334,0.022099426947534084,0.016849868949502706,0.027348985057324172,0.13984920121729374
335,0.022091302312910555,0.016845189779996873,0.027337414864450692,0.13982401125133037
336,0.022089616637676956,0.016852357313036918,0.02732687592506409,0.14008573859930037
337,0.022081720624119044,0.01684671888127923,0.027316722329705955,0.14033580750226973
338,0.022040764763951302,0.01677798619493842,0.027303543239831925,0.139646757543087
339,0.022048252504318952,0.016803052648901938,0.027293452471494676,0.13919027134776116
340,0.022030623555183412,0.01678051136434078,0.02728073574602604,0.13889703258872033
341,0.022008467987179755,0.016749981958419084,0.027266953866928817,0.13866115659475325
342,0.02198804508894682,0.016722603272646665,0.02725348675623536,0.13837969347834586
343,0.021993921045213936,0.016747455578297377,0.027240386791527273,0.13823038592934608
344,0.021976932659745218,0.016722484864294528,0.02723138052970171,0.13833895914256572
345,0.021971784997731447,0.01672374028712511,0.027219829615205526,0.13828263156116008
346,0.021968696005642413,0.01672711180523038,0.02721028037369251,0.13845982246100902
347,0.021934868395328523,0.01667115394026041,0.027198582775890826,0.1380577079951763
348,0.021941343527287244,0.016694128699600696,0.02718855831772089,0.1377278456836939
349,0.02191429976373911,0.016653133146464823,0.027175466548651456,0.13740334481000901
350,0.0219065604172647,0.01664921849966049,0.02716390248388052,0.13724430061876775
351,0.021883495356887578,0.016616013590246437,0.027150976937264204,0.13700446233153343
352,0.021877527851611376,0.016615369506180287,0.02713968627154827,0.13686198748648168
353,0.02186234250664711,0.016596743734553457,0.0271279414370656,0.13665776513516903
354,0.02184836581349373,0.01658026718534529,0.02711646430194378,0.13645324312150478
355,0.021840669587254523,0.016576467156410216,0.02710487211123109,0.13622718773782252
356,0.021840447299182414,0.016586800422519445,0.027094094064086676,0.13610203608870505
357,0.02182947339490056,0.016576254591345787,0.027082692049443722,0.13603399403393268
358,0.02181872421875596,0.016565373353660106,0.02707207502797246,0.13593645118176936
359,0.021806896422058342,0.016552365086972713,0.027061427775770426,0.13582249984145164
360,0.021795325689017774,0.016539908442646266,0.027050743140280248,0.13570344381034374
361,0.02178369924426079,0.016527395322918893,0.027040003184229135,0.13557569712400436
362,0.021772000305354595,0.016514797639101745,0.027029202990233897,0.1354370004683733
363,0.021760307159274815,0.0165022799000144,0.027018334437161683,0.13528946101665495
364,0.021748788710683583,0.0164901552721858,0.02700742218643427,0.13513733088970184
365,0.021737616714090108,0.01647871172055602,0.0269965217448771,0.13498453862965107
366,0.021726708319038154,0.01646773973479867,0.026985676791518927,0.13483414076268674
367,0.021715896986424923,0.016456879284232853,0.026974914763122797,0.13468623243272304
368,0.021704979315400122,0.01644574074074626,0.026964217852801085,0.1345393355190754
369,0.02169398410245776,0.01643441468477249,0.026953553333878517,0.1343923557549715
370,0.02168302396312356,0.016423135567456483,0.02694291226565838,0.1342450549453497
371,0.02167216992005706,0.01641204273328185,0.02693229727447033,0.13409885592758655
372,0.02166147591546178,0.0164012198895216,0.026921731941401957,0.13395468011498451
373,0.021650898214429618,0.01639056848362088,0.02691122790798545,0.1338126841932535
374,0.021640409491956236,0.01638003912754357,0.026900779847055675,0.1336724790930748
375,0.021629973463714123,0.0163695586938411,0.026890388075262308,0.13353387974202632
376,0.021619518902152777,0.016359000466763973,0.026880037374794483,0.1333961511403322
377,0.02160912549123168,0.016348529104143382,0.026869721710681915,0.1332592961937189
378,0.021598760839551687,0.016338076209649444,0.02685944551602006,0.13312337584793568
379,0.021588480193167926,0.01632775191217661,0.026849208511412145,0.13298846520483493
380,0.021578245908021928,0.01631747268140316,0.026839019320905207,0.13285465896129608
381,0.02156808352097869,0.01630729103460908,0.026828875709325076,0.1327216525375843
382,0.02155794735997915,0.016297118104994297,0.0268187765404582,0.1325890063494444
383,0.021547872554510832,0.01628702352754772,0.026808721628040075,0.1324572353065014
384,0.021537806149572136,0.016276906719431283,0.026798705793917178,0.13232559770345687
385,0.021527797766029835,0.016266864165663718,0.026788731403648854,0.13219472154974937
386,0.02151785446330905,0.01625690861605108,0.026778800524771215,0.1320643663406372
387,0.02150796143338084,0.01624700615182519,0.026768916733562947,0.13193473301827907
388,0.021498114056885242,0.016237150058150292,0.02675907824188471,0.13180515557527542
389,0.021488321460783482,0.016227360693737865,0.02674928242340684,0.13167640298604966
390,0.02147853447124362,0.016217543613165616,0.026739525105804206,0.13154784359037877
391,0.021468783114105463,0.016207755897194146,0.02672981008887291,0.1314201896637678
392,0.0214590572565794,0.016197979655116795,0.026720134895294904,0.13129274740815164
393,0.02144934259355068,0.016188186444342136,0.02671049891039729,0.13116590529680253
394,0.021439643763005733,0.01617838871665299,0.026700898818671704,0.13103877566754818
395,0.021430000439286234,0.016168663520365955,0.026691337171941994,0.13091208308935165
396,0.02142035149037838,0.016158894365653396,0.026681808587163687,0.1307850481569767
397,0.021410749275237322,0.01614918516948819,0.026672313306480646,0.13065778888761997
398,0.021401192415505647,0.016139534059911965,0.026662850715219975,0.1305307376384735
399,0.021391621958464384,0.016129821399226786,0.026653422471135856,0.13040346086025237
400,0.02138212874531746,0.016120226867496968,0.026644030530005695,0.1302773991972208
401,0.02137265795841813,0.016110640754923224,0.02663467522710562,0.1301525180786848
402,0.021363218110054732,0.016101068360731007,0.02662536770105362,0.13002941951155664
403,0.021353860646486283,0.016091614747419953,0.026616106778383254,0.12990943096578123
404,0.021344624757766724,0.016082342192530633,0.026606907583773137,0.1297933925688267
405,0.021335506848990916,0.01607323189266026,0.026597781796008347,0.12968176536262035
406,0.021326538678258657,0.01606435488909483,0.02658872252330184,0.1295754987001419
407,0.021317697279155255,0.016055669132620097,0.02657972550019622,0.1294745270162821
408,0.0213090449757874,0.016047296710312367,0.026570793073624373,0.1293784073740244
409,0.021300542317330837,0.016039178371429444,0.026561906170099972,0.1292882338166237
410,0.02129215206950903,0.016031246203929185,0.02655305780470371,0.12920500367879867
411,0.021283802483230828,0.01602335215546191,0.026544252913445233,0.12912982814013957
412,0.021275464501231908,0.016015420397743584,0.026535508520901203,0.12906316749751567
413,0.02126696091145277,0.016007094774395228,0.026526827234774827,0.12900135673582555
414,0.02125837042927742,0.01599853747524321,0.026518203504383563,0.128941053673625
415,0.021249578818678855,0.015989542230963705,0.026509615518152715,0.12887699119746684
416,0.021240541469305752,0.015980033352971077,0.026501049604266882,0.12880644768476487
417,0.021231446824967862,0.01597040155902505,0.026492492221295835,0.12872874163091183
418,0.02122238038107753,0.015960804987698793,0.026483955681324004,0.12864359587430954
419,0.02121333483606577,0.015951219918206333,0.026475449856370688,0.12855266079306601
420,0.02120438722893596,0.015941793899983167,0.02646698074415326,0.12845812737941742
421,0.021195475347340106,0.015932396249845625,0.026458554528653623,0.1283603459596634
422,0.021186635326594115,0.015923101147636773,0.026450169328600167,0.12826006904244422
423,0.02117779564112425,0.01591376599855721,0.026441825330257417,0.12815791957080364
424,0.021169018726795913,0.015904519660398363,0.02643351776525378,0.12805465377867223
425,0.02116032686084509,0.01589540211483836,0.026425251681357623,0.12795060709118844
426,0.021151672881096602,0.01588632402010262,0.0264170216396451,0.12784672826528548
427,0.0211431010812521,0.015877375798299908,0.026408826373517512,0.12774341620504856
428,0.021134604290127753,0.015868540806695818,0.026400667726993562,0.1276412618905306
429,0.021126223988831044,0.01585989975370467,0.02639254806563258,0.12754151538014413
430,0.021117860097438098,0.015851255813613532,0.026384464483708143,0.12744311563670635
431,0.02110959867015481,0.01584277774207294,0.02637641962617636,0.1273472460359335
432,0.021101382859051228,0.015834351545199753,0.02636841431260109,0.12725368820130825
433,0.021093198526650668,0.015825947504490612,0.026360449623316528,0.12716216020286084
434,0.02108511446043849,0.015817702906206252,0.026352526098489763,0.12707336626946927
435,0.02107702223584056,0.015809399019926788,0.026344645470380783,0.1269857434183359
436,0.021068959813565016,0.015801114551723002,0.026336804945021868,0.12690041616559028
437,0.021060929484665394,0.015792852705344557,0.026329006515443325,0.12681646458804607
438,0.02105289911851287,0.015784547301009297,0.026321251094341278,0.12673355817794799
439,0.02104488227516413,0.015776228858157992,0.026313535496592523,0.1266515599191189
440,0.021036900971084835,0.01576793709769845,0.02630586499348283,0.12657027624547482
441,0.021028940081596375,0.015759647181257604,0.026298233047127723,0.12648974671959878
442,0.021020979322493076,0.01575131664983928,0.026290642227977515,0.12640906997025014
443,0.021012995839118958,0.015742901330813765,0.02628309030085802,0.12632822401821614
444,0.021005071233958006,0.015734564512968063,0.026275577750056983,0.1262476695328951
445,0.020997182969003915,0.015726259192451835,0.02626810673624277,0.12616704516112803
446,0.02098927604034543,0.015717877121642233,0.02626067502424121,0.1260858406126499
447,0.020981417894363405,0.01570955610834062,0.026253279484808444,0.12600463904440404
448,0.020973544791340826,0.015701167127117513,0.026245922185480594,0.1259225831180811
449,0.0209657971188426,0.01569298528134823,0.026238608956336975,0.1258414466679096
450,0.020958014521747826,0.015684697842225433,0.02623133135959506,0.12575951844453812
451,0.020950255058705805,0.01567641786299646,0.026224092412739992,0.12567752122879028
452,0.02094256265088916,0.01566823720932007,0.026216888055205344,0.12559599667787552
453,0.02093493327498436,0.015660135624930262,0.026209731008857488,0.12551443070173263
454,0.020927299596369266,0.015651991264894603,0.026202608104795216,0.12543306060135365
455,0.02091971343383193,0.015643903631716968,0.026195522993803025,0.12535214908421038
456,0.020912186540663243,0.01563589358702302,0.02618847930803895,0.1252714432030916
457,0.020904696825891734,0.01562791658565402,0.02618147710338235,0.12519152842462064
458,0.020897214002907276,0.015619917316362262,0.0261745104752481,0.12511161506175994
459,0.020889806393533945,0.015612024199217558,0.026167588494718074,0.12503274902701378
460,0.02088237468153238,0.015604049088433386,0.02616070004180074,0.12495391324162483
461,0.020875040665268896,0.015596223631873726,0.02615385754033923,0.12487598679959774
462,0.0208676877617836,0.01558832379989326,0.026147051714360714,0.12479835443198681
463,0.02086036279797554,0.015580440172925591,0.026140285301953555,0.1247211306542158
464,0.020853112787008285,0.01557266696356237,0.026133558563888073,0.12464451640844346
465,0.020845834240317343,0.015564796375110745,0.026126872152090072,0.12456817030906678
466,0.02083862053230405,0.01555701596662402,0.02612022517248988,0.12449238784611225
467,0.02083140952512622,0.01554920107126236,0.026113617960363628,0.12441661678254605
468,0.02082425994798541,0.015541468849405646,0.026107051186263563,0.12434152819216251
469,0.02081711629405618,0.015533711249008774,0.02610052138566971,0.12426668927073478
470,0.02081002114340663,0.015526007898151874,0.026094034276902676,0.12419215627014638
471,0.02080297628417611,0.015518366284668446,0.026087586060166357,0.1241184899955988
472,0.02079595586284995,0.015510733537375927,0.026081178057938813,0.12404498398303986
473,0.020788982454687358,0.015503153465688228,0.026074811276048424,0.12397216886281967
474,0.02078207306563854,0.015495659625157714,0.02606848642230034,0.12390045650303363
475,0.02077515123412013,0.015488104959949851,0.026062197480350734,0.12382905520498752
476,0.0207682971842587,0.015480639021843672,0.026055955458432437,0.12375849328935146
477,0.020761444158852102,0.015473136361688376,0.026049751862883566,0.12368893571197986
478,0.02075460311025381,0.015465616965666413,0.02604358918964863,0.12361991725862026
479,0.020747736487537624,0.015458009196445346,0.026037463806569575,0.12355117484927178
480,0.020740887578576804,0.015450400924310088,0.02603137444704771,0.12348241396248341
481,0.020733980238437654,0.015442642150446773,0.026025318298488854,0.12341300591826439
482,0.020727088823914528,0.015434883814305068,0.026019293926656247,0.12334329321980476
483,0.020720244906842707,0.01542718875221908,0.026013301182538272,0.12327328488230706
484,0.020713421013206244,0.015419500544667245,0.026007341258227824,0.12320285469293595
485,0.020706636533141136,0.01541186036542058,0.02600141279399395,0.12313198685646057
486,0.02069994939491153,0.015404375409707427,0.025995523296296598,0.12306112706661225
487,0.020693326015025378,0.015396979115903377,0.025989672746509315,0.12299069508910179
488,0.02068673150613904,0.01538959877565503,0.025983864162117242,0.12292013809084892
489,0.020680197179317475,0.015382297644391656,0.025978096816688775,0.12285034827888013
490,0.020673625580966474,0.01537488266825676,0.02597236854955554,0.12278055265545845
491,0.020667111277580263,0.015367542738094925,0.025966679621487857,0.12271148018538952
492,0.02066055081784725,0.015360078299418092,0.025961023289710283,0.12264232367277145
493,0.02065403847023845,0.015352676175534725,0.02595540089532733,0.1225736254453659
494,0.020647509545087813,0.015345212323591113,0.02594980686903,0.12250463120639324
495,0.020640977639704943,0.0153377138171345,0.02594424156472087,0.12243550755083561
496,0.020634564477950333,0.015330421151593327,0.02593870796263218,0.12236681908369064
497,0.020628172364085914,0.01532313489355147,0.02593320980668068,0.12229762211441994
498,0.02062183003872633,0.015315909488126635,0.025927750468254088,0.12222846008837224
499,0.02061553718522191,0.015308746499940754,0.02592232797294855,0.12215961940586567
500,0.02060934789478779,0.015301745738834143,0.02591695012524724,0.12209117695689202
501,0.020603122133761646,0.015294629596173764,0.025911614820361136,0.1220227414369583
502,0.020596917048096658,0.015287515176460147,0.025906318798661232,0.12195511214435101
503,0.020590706896036863,0.015280357683077455,0.02590105600655079,0.12188773222267628
504,0.020584497060626747,0.015273165637627244,0.025895828660577536,0.12182053387165069
505,0.020578306280076505,0.015265980614349245,0.025890632010996343,0.12175384312868118
506,0.02057212421670556,0.015258785160258413,0.02588546322658658,0.12168714351952076
507,0.020565974693745374,0.01525162411853671,0.025880325492471455,0.12162044063210488
508,0.020559913124889136,0.015244604190811514,0.025875222142785786,0.1215542694926262
509,0.020553845893591643,0.015237542605027556,0.025870149340480566,0.12148789219558238
510,0.02054782660678029,0.015230541210621595,0.025865111965686083,0.12142135389149189
511,0.020541865322738887,0.015223615048453211,0.02586011551320553,0.12135525397956372
512,0.020535917803645134,0.015216678511351348,0.025855156891047955,0.12128943383693695
513,0.02052994880825281,0.015209664320573212,0.025850233305245638,0.12122375644743442
514,0.020524000115692616,0.015202660001814366,0.025845340341329574,0.12115816310048104
515,0.02051803780719638,0.01519559908658266,0.02584047643467784,0.12109257586300373
516,0.02051211813464761,0.01518859007395804,0.025835646018385887,0.12102722972631455
517,0.020506266485899687,0.015181689327582716,0.02583084350451827,0.12096229903399944
518,0.020500416737049817,0.015174761256203055,0.02582607226446271,0.12089731462299824
519,0.020494614206254484,0.015167896831408144,0.025821331590414047,0.12083230182528495
520,0.020488834232091902,0.01516104412265122,0.02581662455573678,0.12076726987957954
521,0.020483089312911033,0.015154228517785669,0.025811950117349623,0.12070231251418591
522,0.02047736994922161,0.015147429620847107,0.02580731026828289,0.12063770487904549
523,0.02047166496515274,0.01514062418602407,0.025802705734968186,0.12057323902845382
524,0.020465941857546566,0.01513375399634242,0.025798129737377166,0.12050856024026871
525,0.020460274573415517,0.015126966703683138,0.0257935824804008,0.12044432029128074
526,0.020454630739986896,0.015120193986222148,0.025789067428559066,0.12038007073104381
527,0.020449003782123328,0.015113426139578223,0.025784581284970045,0.12031593054533005
528,0.020443406403064728,0.01510668800212443,0.0257801247946918,0.12025186285376549
529,0.020437843296676875,0.015099987043067814,0.025775699336081745,0.12018784523010254
530,0.02043231399729848,0.015093322833999992,0.02577130516991019,0.12012410186231136
531,0.020426785424351692,0.015086630554869772,0.025766940377652644,0.12006014429032802
532,0.020421278085559606,0.015079951267689467,0.02576260479167104,0.11999639362096787
533,0.020415831375867128,0.015073361229151488,0.02575830154120922,0.11993303500115872
534,0.020410356782376765,0.015066686375066638,0.02575402719900012,0.11986946731805802
535,0.02040489573031664,0.015060010571032763,0.025749780777841805,0.1198059967905283
536,0.020399515740573405,0.015053469715639948,0.02574556164443493,0.11974306523799896
537,0.020394116304814816,0.015046860128641128,0.025741372648626568,0.11967983439564706
538,0.02038875050842762,0.015040290495380759,0.025737210661172866,0.11961675025522708
539,0.020383410230278967,0.015033742934465409,0.025733077507466076,0.11955362513661384
540,0.020378099512308834,0.015027225678786636,0.025728973355144263,0.11949094109237195
541,0.020372773949056865,0.015020654397085309,0.02572489347308874,0.11942769534885883
542,0.02036754610016942,0.015014245780184865,0.025720846336334945,0.11936543598771095
543,0.020362287648022174,0.01500774991698563,0.025716825276613235,0.1193026476353407
544,0.020357007030397653,0.015001185769215226,0.025712828543037178,0.11923975460231304
545,0.02035182489082217,0.01499478996731341,0.025708859860897063,0.11917749442160129
546,0.02034663513302803,0.014988353289663792,0.025704917144030334,0.11911486186087132
547,0.020341469943523406,0.014981935517862439,0.025701004527509213,0.11905256070196629
548,0.02033630495890975,0.014975496223196388,0.025697113759815694,0.11899001710116863
549,0.02033118676394224,0.01496912402100861,0.0256932495161891,0.11892784632742405
550,0.02032609850168228,0.014962783576920628,0.025689413379877804,0.11886578403413296
551,0.020321014113724233,0.014956426816061139,0.025685601457953452,0.11880357749760151
552,0.020315939709544182,0.014950064299628139,0.025681815166026353,0.11874144770205021
553,0.020310898851603268,0.014943745462223887,0.025678052362054588,0.11867932349443436
554,0.02030589330941439,0.014937471095472575,0.025674315579235555,0.11861741058528423
555,0.02030090808868408,0.014931210977956653,0.025670605432242154,0.11855547912418843
556,0.02029590681195259,0.014924895260483026,0.025666918363422154,0.11849366083741188
557,0.02029096653684974,0.014918678924441337,0.025663254130631686,0.11843209892511368
558,0.020286051332950594,0.014912483720108867,0.025659618992358448,0.11837077595293521
559,0.020281119924038648,0.01490623852238059,0.02565600140020251,0.11830875046551227
560,0.020276238452643158,0.014900067178532482,0.025652409587055443,0.11824737533926964
561,0.02027138363569975,0.014893925003707408,0.025648842360824348,0.11818613693118095
562,0.02026652930304408,0.014887758949771523,0.025645299442112447,0.1181246741861105
563,0.0202617104165256,0.01488164383918047,0.025641776993870734,0.11806352853775025
564,0.020256899893283845,0.014875520188361406,0.025638279654085636,0.1180022743344307
565,0.020252121426165105,0.014869438419118523,0.025634804517030717,0.11794110260903835
566,0.02024738200008869,0.0148634098097682,0.025631354320794345,0.11788051769137382
567,0.02024262698367238,0.01485732989385724,0.025627924185246228,0.11781997822225093
568,0.020237914770841598,0.014851313196122646,0.025624516308307647,0.11775944367051125
569,0.020233235880732538,0.014845340587198734,0.02562113121151924,0.11769946083426476
570,0.020228539146482944,0.014839311614632606,0.02561776662245393,0.11763935685157775
571,0.020223902873694896,0.014833381399512291,0.025614424403756858,0.11757957078516483
572,0.020219250433146953,0.014827398583292961,0.02561110220849514,0.11751955464482307
573,0.02021463558077812,0.014821469876915216,0.025607801247388123,0.11745989821851253
574,0.02021004481241107,0.014815567750483752,0.025604521762579678,0.1174004079401493
575,0.020205435641109944,0.014809608813375235,0.025601262524724007,0.11734078720211982
576,0.020200897455215455,0.014803772857412696,0.025598022043704986,0.11728176563978195
577,0.020196346063166858,0.014797889683395625,0.02559480248019099,0.11722264923155308
578,0.020191816557198764,0.014792031785473227,0.025591601338237523,0.11716355293989182
579,0.02018730476498604,0.014786189934238792,0.02558841951191425,0.1171044021844864
580,0.020182812754064798,0.014780368795618415,0.025585256796330214,0.11704547338187694
581,0.020178327709436415,0.014774544201791286,0.025582111198455094,0.1169861227273941
582,0.020173857379704715,0.014768730122596026,0.025578984543681144,0.11692688509821891
583,0.02016941076144576,0.014762946208938955,0.025575875379145144,0.11686758235096932
584,0.020164996534585953,0.014757209410890936,0.025572783667594193,0.11680816203355789
585,0.020160551574081184,0.01475139400921762,0.02556970911100507,0.11674789659678936
586,0.020156160071492193,0.01474566750228405,0.025566652622073888,0.1166884633898735
587,0.020151774417608976,0.014739935677498579,0.025563613213598728,0.11662827111780644
588,0.02014738818630576,0.01473418620415032,0.025560590289533138,0.11656782895326614
589,0.020143001917749644,0.014728419510647654,0.025557584296911955,0.11650731667876243
590,0.020138677917420866,0.014722761558368802,0.025554594211280347,0.11644675955176353
591,0.02013432988896966,0.014717040192335844,0.02555161954835057,0.11638524562120438
592,0.020130005236715078,0.014711346048861741,0.025548664629459383,0.11632375568151473
593,0.020125726480036975,0.01470572647638619,0.025545726418495177,0.11626217141747475
594,0.02012144051492214,0.014700074587017298,0.025542806331068278,0.11620021261274814
595,0.02011721834540367,0.014694531550630927,0.025539905074983837,0.11613861218094826
596,0.020113003328442573,0.01468898305669427,0.02553702337667346,0.11607685402035713
597,0.020108863674104215,0.014683561138808728,0.02553416609764099,0.11601639054715633
598,0.020104719195514917,0.014678109167143703,0.025531329233199358,0.11595670975744725
599,0.020100629813969137,0.014672745699062944,0.02552851377055049,0.11589784719049931
600,0.02009655561298132,0.014667393192648887,0.025525718089193107,0.1158400085568428
601,0.020092479716986418,0.014662016555666924,0.025522942822426557,0.11578282482922077
602,0.020088393464684485,0.014656602423638105,0.02552018454298377,0.11572657264769078
603,0.020084325801581145,0.014651210932061075,0.025517440959811212,0.11567081451416016
604,0.020080272424966097,0.014645832683891058,0.025514712259173393,0.11561539523303509
605,0.02007620582357049,0.014640415832400323,0.025511995665729047,0.11556003287434578
606,0.020072158630937337,0.014635023307055234,0.025509293898940088,0.11550457008183003
607,0.020068125650286674,0.01462964748032391,0.025506603736430405,0.11544865369796753
608,0.020064122825860977,0.014624319290742278,0.025503926444798708,0.11539254158735275
609,0.020060140006244183,0.01461901725269854,0.025501262750476598,0.11533582128584385
610,0.0200561298802495,0.014613647805526852,0.025498611889779567,0.11527832433581352
611,0.02005216870456934,0.014608362121507526,0.025495975352823733,0.11522079676389695
612,0.020048208273947238,0.014603064768016339,0.025493351630866527,0.11516262918710708
613,0.020044264551252126,0.014597787763923406,0.02549074128270149,0.11510441452264786
614,0.02004033010452986,0.014592516301199794,0.025488143898546697,0.1150459461659193
615,0.02003641853109002,0.01458727621473372,0.02548556085675955,0.11498774938285351
616,0.020032504685223104,0.014582017669454217,0.025482991766184567,0.11492959432303905
617,0.02002860642969608,0.014576779054477811,0.025480433739721774,0.1148718898743391
618,0.020024745501577856,0.014571599820628762,0.02547789128497243,0.11481459982693196
619,0.0200208842381835,0.014566406793892383,0.025475361477583648,0.11475723542273045
620,0.020017041489481927,0.014561238074675202,0.025472845155745744,0.11470036685466767
621,0.02001321379095316,0.014556085048243404,0.025470342412590982,0.11464340679347515
622,0.020009423159062862,0.014550993144512176,0.02546785330399871,0.11458647318184376
623,0.020005603581666948,0.014545830683782696,0.025465376786887647,0.11452957153320313
624,0.020001840870827438,0.01454076866619289,0.025462913028895855,0.11447297230362892
625,0.01999808516353369,0.014535708259791136,0.025460462011396887,0.11441596888005734
626,0.019994350243359806,0.014530675634741783,0.025458025019615887,0.11435893952846526
627,0.019990625865757464,0.014525649854913354,0.0254556018486619,0.11430176496505737
628,0.019986890181899072,0.01452058957889676,0.02545319080352783,0.1142447004467249
629,0.019983192197978495,0.014515592996031047,0.025450791344046594,0.11418760687112808
630,0.019979504365473987,0.014510603426024317,0.02544840533286333,0.11413087218999862
631,0.019975840263068676,0.01450564779341221,0.0254460328258574,0.11407403141260147
632,0.01997217060998082,0.014500669492408634,0.025443671736866236,0.11401733703911304
633,0.019968507941812277,0.014495693501085044,0.025441322419792415,0.11396103762090207
634,0.019964861888438462,0.014490740103647114,0.025438983906060458,0.11390478156507015
635,0.01996126728132367,0.014485876671969891,0.025436658039689065,0.11384901963174343
636,0.019957649484276772,0.014480954613536596,0.025434344168752433,0.11379288747906685
637,0.019954066965729,0.01447609256953001,0.025432041492313148,0.11373695895075799
638,0.019950489569455384,0.014471227768808603,0.025429751183837654,0.11368106923997402
639,0.01994692251086235,0.014466373100876808,0.0254274719953537,0.11362511806190013
640,0.0199433777295053,0.014461551178246736,0.025425204280763863,0.11356918096542358
641,0.019939830973744393,0.014456713674589991,0.02542294831946492,0.11351349122822285
642,0.019936314448714257,0.014451927309855818,0.025420701559633017,0.11345782555639744
643,0.01993279956281185,0.014447132898494601,0.025418466329574584,0.11340212129056454
644,0.01992930468171835,0.014442367777228356,0.025416241381317376,0.11334671281278133
645,0.019925817009061576,0.014437606455758215,0.025414027590304613,0.11329125352203846
646,0.019922342747449875,0.014432860938832164,0.0254118244536221,0.11323595084249974
647,0.019918876253068447,0.01442812212742865,0.025409630499780178,0.11318062022328376
648,0.01991543024778366,0.014423412987962365,0.02540744751691818,0.1131260285526514
649,0.019911991376429797,0.014418708039447664,0.025405274871736765,0.11307134665548801
